trade_id,price,1,2,3,4,5,6
3796772,138161.20000000,0.00080000,3984625,3984625,1679875906899,True,True
3796773,138161.20000000,0.00030000,3984626,3984626,1679875937884,True,True
3796774,138161.20000000,0.07210000,3984627,3984627,1679876024514,False,True
3796775,138599.70000000,0.00110000,3984628,3984628,1679876960245,False,True
3796776,138495.00000000,0.00110000,3984629,3984629,1679877085881,True,True
3796777,138495.00000000,0.07110000,3984630,3984630,1679877109516,True,True
3796778,138323.10000000,0.02670000,3984631,3984631,1679877109655,True,True
3796779,138314.40000000,0.04440000,3984632,3984632,1679877109655,True,True
3796780,138472.10000000,0.00350000,3984633,3984633,1679878115231,False,True
3796781,138533.00000000,0.00100000,3984634,3984634,1679878211795,False,True
3796782,138538.20000000,0.00580000,3984635,3984635,1679878229560,False,True
3796783,138633.90000000,0.03430000,3984636,3984636,1679878829888,False,True
3796784,138548.30000000,0.00080000,3984637,3984637,1679879197309,True,True
3796785,138480.00000000,0.00080000,3984638,3984638,1679879210983,True,True
3796786,138161.20000000,0.00110000,3984639,3984639,1679879724457,True,True
3796787,138094.60000000,0.00090000,3984640,3984640,1679879751582,True,True
3796788,138007.80000000,0.00740000,3984641,3984641,1679879852257,False,True
3796789,137965.00000000,0.00740000,3984642,3984642,1679879859674,False,True
3796790,137961.10000000,0.00740000,3984643,3984643,1679879866505,False,True
3796791,137907.60000000,0.00110000,3984644,3984644,1679879872413,True,True
3796792,137961.10000000,0.00730000,3984645,3984645,1679879872914,False,True
3796793,137669.50000000,0.02300000,3984646,3984646,1679880069529,True,True
3796794,137654.10000000,0.00110000,3984647,3984647,1679880111896,True,True
3796795,137618.40000000,0.00090000,3984648,3984648,1679880112230,True,True
3796796,137669.50000000,0.05130000,3984649,3984649,1679880692654,True,True
3796797,137665.30000000,0.24770000,3984650,3984650,1679880692654,True,True
3796798,137618.40000000,0.06060000,3984651,3984651,1679880692663,False,True
3796799,137400.70000000,0.09350000,3984652,3984652,1679881688024,True,True
3796800,137400.70000000,0.01530000,3984653,3984653,1679881688024,True,True
3796801,137400.60000000,0.00110000,3984654,3984654,1679881717594,True,True
3796802,137360.40000000,0.07000000,3984655,3984655,1679881865446,True,True
3796803,137261.00000000,0.00800000,3984656,3984656,1679882378945,True,True
3796804,137406.70000000,0.00440000,3984657,3984657,1679882585494,False,True
3796805,137147.10000000,0.00110000,3984658,3984658,1679882660202,True,True
3796806,137142.30000000,0.00090000,3984659,3984659,1679882660240,True,True
3796807,137377.30000000,0.03570000,3984660,3984660,1679884900509,True,True
3796808,137433.40000000,0.02880000,3984661,3984661,1679885517802,False,True
3796809,137433.40000000,0.02880000,3984662,3984662,1679885517883,False,True
3796810,137433.40000000,0.02880000,3984663,3984663,1679885517949,False,True
3796811,137433.40000000,0.02880000,3984664,3984664,1679885518015,False,True
3796812,137582.30000000,0.00110000,3984665,3984665,1679886840192,False,True
3796813,137575.70000000,0.21330000,3984666,3984666,1679887078576,False,True
3796814,137575.70000000,0.00080000,3984667,3984667,1679887222148,False,True
3796815,137575.70000000,0.00370000,3984668,3984668,1679887386112,True,True
3796816,137471.50000000,0.05830000,3984669,3984669,1679887623499,True,True
3796817,137471.50000000,0.01450000,3984670,3984670,1679887644582,True,True
3796818,137307.00000000,0.01150000,3984671,3984671,1679887861122,True,True
3796819,137618.10000000,0.01010000,3984672,3984672,1679888610395,False,True
3796820,137618.10000000,0.01010000,3984673,3984673,1679888611334,False,True
3796821,137618.10000000,0.00080000,3984674,3984674,1679888721182,False,True
3796822,137539.50000000,0.05100000,3984675,3984675,1679888771442,True,True
3796823,137618.10000000,0.11320000,3984676,3984676,1679888866493,False,True
3796824,137618.10000000,0.03280000,3984677,3984677,1679888869587,False,True
3796825,137618.10000000,0.11300000,3984678,3984678,1679888873503,False,True
3796826,137618.10000000,0.11320000,3984679,3984679,1679888962801,False,True
3796827,137618.10000000,0.03620000,3984680,3984680,1679888962866,False,True
3796828,137618.20000000,0.00090000,3984681,3984681,1679888969810,False,True
3796829,137618.40000000,0.00090000,3984682,3984682,1679888969819,False,True
3796830,137663.30000000,0.15610000,3984683,3984683,1679888973982,True,True
3796831,137661.70000000,0.24850000,3984684,3984684,1679888974092,True,True
3796832,137647.70000000,0.24880000,3984685,3984685,1679888999637,True,True
3796833,137632.90000000,0.25010000,3984686,3984686,1679889000180,True,True
3796834,137677.30000000,0.02850000,3984687,3984687,1679889085071,False,True
3796835,137519.10000000,0.00080000,3984688,3984688,1679889184269,True,True
3796836,137514.40000000,0.00080000,3984689,3984689,1679889272133,True,True
3796837,137514.40000000,0.02360000,3984690,3984690,1679889273203,True,True
3796838,137621.00000000,0.00320000,3984691,3984691,1679890066539,False,True
3796839,137659.60000000,0.28300000,3984692,3984692,1679890233914,False,True
3796840,137659.70000000,0.11320000,3984693,3984693,1679890233914,False,True
3796841,137684.80000000,0.02700000,3984694,3984694,1679890233914,False,True
3796842,137679.00000000,0.07270000,3984695,3984695,1679890233920,True,True
3796843,137524.00000000,0.15770000,3984696,3984696,1679890762083,False,True
3796844,137513.20000000,0.24870000,3984697,3984697,1679890838367,True,True
3796845,137293.60000000,0.02990000,3984698,3984698,1679890905843,True,True
3796846,137445.90000000,0.28290000,3984699,3984699,1679891060385,True,True
3796847,137445.80000000,0.06730000,3984700,3984700,1679891060385,True,True
3796848,137451.70000000,0.00370000,3984701,3984701,1679891718102,True,True
3796849,137499.80000000,0.00980000,3984702,3984702,1679892247794,False,True
3796850,137440.60000000,0.01090000,3984703,3984703,1679892580026,True,True
3796851,137372.10000000,0.00470000,3984704,3984704,1679892619751,True,True
3796852,137499.80000000,0.02170000,3984705,3984705,1679892671235,False,True
3796853,137700.00000000,0.03390000,3984706,3984706,1679892950783,False,True
3796854,137700.00000000,0.00180000,3984707,3984707,1679893178737,False,True
3796855,137267.50000000,0.00260000,3984708,3984708,1679894163653,True,True
3796856,137442.60000000,0.00270000,3984709,3984709,1679894316100,False,True
3796857,137549.00000000,0.28370000,3984710,3984710,1679894512962,False,True
3796858,137553.00000000,0.00330000,3984711,3984711,1679894512962,False,True
3796859,137170.40000000,0.00100000,3984712,3984712,1679894633862,True,True
3796860,137296.20000000,0.02600000,3984713,3984713,1679894942076,True,True
3796861,137331.30000000,0.00250000,3984714,3984714,1679895979285,True,True
3796862,137331.30000000,0.00080000,3984715,3984715,1679896179213,True,True
3796863,137161.70000000,0.00510000,3984716,3984716,1679896294979,True,True
3796864,137161.70000000,0.05840000,3984717,3984717,1679896322267,True,True
3796865,137161.70000000,0.01330000,3984718,3984718,1679896322590,True,True
3796866,137147.10000000,0.00110000,3984719,3984719,1679896335781,True,True
3796867,137142.20000000,0.00090000,3984720,3984720,1679896335832,True,True
3796868,137100.00000000,0.01480000,3984721,3984721,1679896335974,True,True
3796869,136894.90000000,0.00080000,3984722,3984722,1679896363124,True,True
3796870,136893.60000000,0.00110000,3984723,3984723,1679896363140,True,True
3796871,136883.00000000,0.00080000,3984724,3984724,1679896363163,True,True
3796872,136800.00000000,0.00730000,3984725,3984725,1679896371921,True,True
3796873,136675.00000000,0.00210000,3984726,3984726,1679896389388,True,True
3796874,136668.40000000,0.00180000,3984727,3984727,1679896389406,True,True
3796875,136666.20000000,0.00090000,3984728,3984728,1679896389430,True,True
3796876,136640.00000000,0.00110000,3984729,3984729,1679896389819,True,True
3796877,136502.70000000,0.39930000,3984730,3984730,1679896390260,True,True
3796878,136501.20000000,0.28520000,3984731,3984731,1679896390651,False,True
3796879,136502.80000000,0.20010000,3984732,3984732,1679896391860,False,True
3796880,136397.80000000,0.11410000,3984733,3984733,1679896508093,True,True
3796881,136386.50000000,0.00110000,3984734,3984734,1679896508772,True,True
3796882,136331.20000000,0.00320000,3984735,3984735,1679896510212,True,True
3796883,136326.70000000,0.00180000,3984736,3984736,1679896510275,True,True
3796884,136309.30000000,0.03770000,3984737,3984737,1679896510323,True,True
3796885,136190.00000000,0.00090000,3984738,3984738,1679896510560,True,True
3796886,136148.30000000,0.02250000,3984739,3984739,1679896510560,True,True
3796887,136325.50000000,0.05840000,3984740,3984740,1679896725330,False,True
3796888,136198.00000000,0.21310000,3984741,3984741,1679896732493,True,True
3796889,136198.10000000,0.02390000,3984742,3984742,1679897279367,True,True
3796890,136394.10000000,0.01640000,3984743,3984743,1679897992767,True,True
3796891,136596.70000000,0.01640000,3984744,3984744,1679898109279,False,True
3796892,136584.00000000,0.50950000,3984745,3984745,1679898174140,False,True
3796893,136596.80000000,0.11390000,3984746,3984746,1679898174140,False,True
3796894,136600.90000000,0.11640000,3984747,3984747,1679898174140,False,True
3796895,136608.80000000,0.12130000,3984748,3984748,1679898174140,False,True
3796896,136608.90000000,0.16110000,3984749,3984749,1679898174140,False,True
3796897,136608.80000000,0.02480000,3984750,3984750,1679898367064,False,True
3796898,136608.80000000,0.01320000,3984751,3984751,1679898444258,False,True
3796899,136666.10000000,0.00090000,3984752,3984752,1679898612731,False,True
3796900,136666.30000000,0.11390000,3984753,3984753,1679899363022,True,True
3796901,136666.30000000,0.11390000,3984754,3984754,1679899372450,True,True
3796902,136666.40000000,0.16970000,3984755,3984755,1679899455798,True,True
3796903,136666.40000000,0.11520000,3984756,3984756,1679899455825,True,True
3796904,136666.20000000,0.00190000,3984757,3984757,1679899495765,True,True
3796905,136666.20000000,0.03200000,3984758,3984758,1679900060800,False,True
3796906,136793.10000000,0.00270000,3984759,3984759,1679900060800,False,True
3796907,136784.50000000,0.07700000,3984760,3984760,1679900078247,False,True
3796908,136777.00000000,0.00170000,3984761,3984761,1679900386560,False,True
3796909,136597.00000000,0.07720000,3984762,3984762,1679900732309,True,True
3796910,136444.90000000,0.03200000,3984763,3984763,1679901003923,False,True
3796911,136447.60000000,0.00140000,3984764,3984764,1679901179918,True,True
3796912,136444.10000000,0.02020000,3984765,3984765,1679901322188,True,True
3796913,136444.10000000,0.00300000,3984766,3984766,1679901349118,True,True
3796914,136361.60000000,0.00210000,3984767,3984767,1679901384591,True,True
3796915,136300.10000000,0.05680000,3984768,3984768,1679901438332,True,True
3796916,136495.00000000,0.00140000,3984769,3984769,1679901612712,False,True
3796917,136300.00000000,0.00170000,3984770,3984770,1679901876860,True,True
3796918,136189.90000000,0.00090000,3984771,3984771,1679901999276,True,True
3796919,136133.10000000,0.11430000,3984772,3984772,1679902001605,True,True
3796920,136133.10000000,0.11430000,3984773,3984773,1679902002514,True,True
3796921,136133.10000000,0.11430000,3984774,3984774,1679902006013,True,True
3796922,136137.30000000,0.05420000,3984775,3984775,1679902130497,True,True
3796923,136245.30000000,0.05070000,3984776,3984776,1679902300658,False,True
3796924,136133.00000000,0.00110000,3984777,3984777,1679902349851,True,True
3796925,136244.60000000,0.01820000,3984778,3984778,1679902704167,False,True
3796926,136250.00000000,0.02610000,3984779,3984779,1679902869344,False,True
3796927,136236.10000000,0.00470000,3984780,3984780,1679902963891,True,True
3796928,136236.10000000,0.02680000,3984781,3984782,1679903257376,True,True
3796929,136175.00000000,0.06270000,3984783,3984784,1679903280736,True,True
3796930,136110.30000000,0.11850000,3984785,3984785,1679903316842,False,True
3796931,136114.70000000,0.06720000,3984786,3984786,1679903336994,False,True
3796932,136114.70000000,0.04220000,3984787,3984787,1679903337278,False,True
3796933,136114.70000000,0.04220000,3984788,3984788,1679903337302,False,True
3796934,136114.70000000,0.04220000,3984789,3984789,1679903337333,False,True
3796935,136114.70000000,0.02380000,3984790,3984790,1679903337359,False,True
3796936,136000.00000000,0.89260000,3984791,3984791,1679903431867,True,True
3796937,136000.00000000,0.75640000,3984792,3984793,1679903433953,True,True
3796938,135987.50000000,0.00440000,3984794,3984794,1679903440131,True,True
3796939,135985.90000000,0.00180000,3984795,3984795,1679903440538,True,True
3796940,135985.90000000,0.05700000,3984796,3984796,1679903482421,False,True
3796941,135985.90000000,0.05700000,3984797,3984797,1679903482461,False,True
3796942,135985.90000000,0.46110000,3984798,3984798,1679903489719,False,True
3796943,135985.90000000,1.17860000,3984799,3984799,1679903489801,False,True
3796944,135985.90000000,0.38510000,3984800,3984800,1679903489844,False,True
3796945,136073.00000000,0.01490000,3984801,3984801,1679904123489,True,True
3796946,136125.40000000,0.02400000,3984802,3984802,1679904661666,True,True
3796947,136201.00000000,0.12210000,3984803,3984803,1679904789759,True,True
3796948,136000.00000000,0.04140000,3984804,3984804,1679905001571,True,True
3796949,136000.00000000,0.05710000,3984805,3984805,1679905024620,True,True
3796950,136000.00000000,0.10700000,3984806,3984806,1679905024941,True,True
3796951,136132.50000000,0.06310000,3984807,3984807,1679905196861,False,True
3796952,136139.20000000,0.00150000,3984808,3984808,1679905354525,False,True
3796953,136139.20000000,0.01380000,3984809,3984809,1679905386570,False,True
3796954,135961.50000000,0.00140000,3984810,3984810,1679905487271,True,True
3796955,136109.90000000,0.00100000,3984811,3984811,1679905703018,True,True
3796956,136250.00000000,0.02560000,3984812,3984812,1679905871211,False,True
3796957,136249.90000000,0.04220000,3984813,3984813,1679905998746,False,True
3796958,136250.00000000,0.00050000,3984814,3984814,1679906005705,False,True
3796959,136358.70000000,0.13090000,3984815,3984815,1679906005989,True,True
3796960,136358.70000000,0.05420000,3984816,3984816,1679906006015,True,True
3796961,136161.50000000,0.04690000,3984817,3984817,1679906133663,True,True
3796962,136462.20000000,0.00180000,3984818,3984818,1679907016125,False,True
3796963,136373.20000000,0.01030000,3984819,3984819,1679907028034,True,True
3796964,136564.90000000,0.11400000,3984820,3984820,1679907187518,False,True
3796965,136565.00000000,0.00110000,3984821,3984821,1679907187518,False,True
3796966,136418.80000000,0.02180000,3984822,3984822,1679907689299,True,True
3796967,136403.70000000,0.01880000,3984823,3984823,1679908124632,True,True
3796968,136555.70000000,0.00730000,3984824,3984824,1679908363167,False,True
3796969,136395.90000000,0.00160000,3984825,3984825,1679908456263,True,True
3796970,136395.90000000,0.05070000,3984826,3984826,1679908577209,True,True
3796971,136395.90000000,0.01310000,3984827,3984827,1679908583556,True,True
3796972,136395.90000000,0.01560000,3984828,3984828,1679908596824,True,True
3796973,136396.00000000,0.01290000,3984829,3984829,1679908682766,True,True
3796974,136666.00000000,0.00090000,3984830,3984830,1679908757281,False,True
3796975,136794.20000000,0.01410000,3984831,3984831,1679908822637,False,True
3796976,136804.20000000,0.00180000,3984832,3984832,1679908828320,False,True
3796977,136819.30000000,0.00110000,3984833,3984833,1679908829672,False,True
3796978,136924.70000000,0.00730000,3984834,3984834,1679908855042,True,True
3796979,136938.00000000,0.00730000,3984835,3984835,1679908856986,True,True
3796980,136924.70000000,0.00730000,3984836,3984836,1679908859163,True,True
3796981,136953.80000000,0.00730000,3984837,3984837,1679908861141,True,True
3796982,136988.60000000,0.00730000,3984838,3984838,1679908863859,True,True
3796983,136988.60000000,0.00730000,3984839,3984839,1679908865786,True,True
3796984,136988.60000000,0.00730000,3984840,3984840,1679908868900,True,True
3796985,136988.60000000,0.00730000,3984841,3984841,1679908871078,True,True
3796986,136950.70000000,0.06000000,3984842,3984842,1679908934792,False,True
3796987,137028.40000000,0.00280000,3984843,3984843,1679909102299,False,True
3796988,136794.00000000,0.01200000,3984844,3984844,1679909274265,True,True
3796989,137020.70000000,0.00160000,3984845,3984845,1679909442587,False,True
3796990,137033.20000000,0.00700000,3984846,3984846,1679910033874,False,True
3796991,136866.60000000,0.05620000,3984847,3984847,1679910136417,True,True
3796992,137073.60000000,0.00110000,3984848,3984848,1679910519762,False,True
3796993,137021.10000000,0.00160000,3984849,3984849,1679910576181,True,True
3796994,137021.10000000,0.00160000,3984850,3984850,1679910577186,True,True
3796995,137132.10000000,0.22570000,3984851,3984851,1679910848994,False,True
3796996,137132.10000000,0.05780000,3984852,3984852,1679910850991,False,True
3796997,137142.20000000,0.11350000,3984853,3984853,1679910850991,False,True
3796998,137142.30000000,0.00090000,3984854,3984854,1679910850991,False,True
3796999,137147.10000000,0.00180000,3984855,3984855,1679910850991,False,True
3797000,137196.30000000,0.05170000,3984856,3984856,1679910850991,False,True
3797001,137181.90000000,0.01930000,3984857,3984857,1679910851990,False,True
3797002,137188.80000000,0.11340000,3984858,3984858,1679910851990,False,True
3797003,137196.30000000,0.06880000,3984859,3984859,1679910851990,False,True
3797004,137196.40000000,0.02420000,3984860,3984860,1679910851990,False,True
3797005,137027.00000000,0.00730000,3984861,3984861,1679911102306,True,True
3797006,137032.30000000,0.00740000,3984862,3984862,1679911121600,True,True
3797007,137038.30000000,0.00740000,3984863,3984863,1679911128003,True,True
3797008,137108.70000000,0.00670000,3984864,3984864,1679911134538,True,True
3797009,137189.80000000,0.01660000,3984865,3984865,1679911493960,False,True
3797010,136950.50000000,0.01170000,3984866,3984866,1679911669408,True,True
3797011,137008.30000000,0.28370000,3984867,3984867,1679911745033,True,True
3797012,137004.70000000,0.25020000,3984868,3984868,1679911745033,True,True
3797013,136950.50000000,0.27200000,3984869,3984869,1679911745033,True,True
3797014,136950.50000000,0.00480000,3984870,3984870,1679911745044,False,True
3797015,136950.50000000,0.22030000,3984871,3984871,1679911745062,False,True
3797016,137183.80000000,0.01020000,3984872,3984872,1679911758272,False,True
3797017,137258.50000000,0.00210000,3984873,3984873,1679911843560,False,True
3797018,137188.60000000,0.25190000,3984874,3984874,1679912259624,False,True
3797019,137075.50000000,0.00820000,3984875,3984875,1679912627024,False,True
3797020,136963.10000000,0.04780000,3984876,3984876,1679912655979,True,True
3797021,137328.00000000,0.00110000,3984877,3984877,1679913522162,False,True
3797022,137102.40000000,0.01050000,3984878,3984878,1679914025745,True,True
3797023,137122.90000000,0.01600000,3984879,3984879,1679914222468,True,True
3797024,137122.90000000,0.02570000,3984880,3984880,1679914582072,False,True
3797025,137128.20000000,0.03040000,3984881,3984881,1679914846288,True,True
3797026,137122.90000000,0.00310000,3984882,3984882,1679914923737,True,True
3797027,137122.90000000,0.06120000,3984883,3984883,1679915005196,True,True
3797028,137191.30000000,0.03320000,3984884,3984884,1679915013144,False,True
3797029,137174.30000000,0.00110000,3984885,3984885,1679915104677,False,True
3797030,137300.00000000,0.01640000,3984886,3984886,1679915254435,False,True
3797031,137300.00000000,0.05020000,3984887,3984887,1679915255381,False,True
3797032,137300.00000000,0.00570000,3984888,3984888,1679915506305,False,True
3797033,137414.60000000,0.00550000,3984889,3984889,1679915514317,False,True
3797034,137450.00000000,0.00970000,3984890,3984891,1679915516219,False,True
3797035,137026.60000000,0.12000000,3984892,3984892,1679915744948,True,True
3797036,137270.50000000,0.00650000,3984893,3984893,1679915822749,False,True
3797037,137258.70000000,0.01820000,3984894,3984894,1679915872453,False,True
3797038,137199.40000000,0.28300000,3984895,3984895,1679916534436,True,True
3797039,137199.30000000,0.11340000,3984896,3984896,1679916534436,True,True
3797040,137184.50000000,0.25230000,3984897,3984897,1679916534436,True,True
3797041,137125.10000000,0.20830000,3984898,3984898,1679916534436,True,True
3797042,137125.00000000,0.16420000,3984899,3984899,1679916534436,True,True
3797043,137452.70000000,0.00350000,3984900,3984900,1679916817125,False,True
3797044,137491.10000000,0.00350000,3984901,3984901,1679916876409,False,True
3797045,137428.40000000,0.00300000,3984902,3984902,1679917320079,False,True
3797046,137099.30000000,0.12560000,3984903,3984903,1679917328201,True,True
3797047,137098.30000000,0.00700000,3984904,3984904,1679917881108,True,True
3797048,137325.00000000,0.01970000,3984905,3984905,1679918192272,True,True
3797049,137324.90000000,0.00730000,3984906,3984906,1679918315915,True,True
3797050,137324.90000000,0.00730000,3984907,3984907,1679918318325,True,True
3797051,137324.90000000,0.00730000,3984908,3984908,1679918320814,True,True
3797052,137324.90000000,0.00730000,3984909,3984909,1679918322980,True,True
3797053,137324.90000000,0.00730000,3984910,3984910,1679918325413,True,True
3797054,137324.90000000,0.00730000,3984911,3984911,1679918327884,True,True
3797055,137324.90000000,0.00730000,3984912,3984912,1679918330302,True,True
3797056,137324.90000000,0.00730000,3984913,3984913,1679918332723,True,True
3797057,137324.90000000,0.00730000,3984914,3984914,1679918334887,True,True
3797058,137324.90000000,0.00730000,3984915,3984915,1679918336892,True,True
3797059,137324.90000000,0.00730000,3984916,3984916,1679918339322,True,True
3797060,137324.90000000,0.00730000,3984917,3984917,1679918341487,True,True
3797061,137324.90000000,0.00730000,3984918,3984918,1679918343915,True,True
3797062,137324.90000000,0.00730000,3984919,3984919,1679918345871,True,True
3797063,137324.90000000,0.00730000,3984920,3984920,1679918347861,True,True
3797064,137496.00000000,0.00490000,3984921,3984921,1679918468909,False,True
3797065,137556.90000000,0.01810000,3984922,3984922,1679918484161,False,True
3797066,137338.70000000,0.01820000,3984923,3984923,1679918544637,True,True
3797067,137483.20000000,0.07190000,3984924,3984924,1679918549793,False,True
3797068,137547.80000000,0.01960000,3984925,3984925,1679918656992,False,True
3797069,137435.10000000,0.01450000,3984926,3984926,1679918702773,False,True
3797070,137427.80000000,0.00340000,3984927,3984927,1679918859313,False,True
3797071,137427.80000000,0.17970000,3984928,3984928,1679918918846,False,True
3797072,137582.20000000,0.11300000,3984929,3984929,1679919346045,False,True
3797073,137582.30000000,0.00110000,3984930,3984930,1679919374640,False,True
3797074,137535.00000000,0.05720000,3984931,3984931,1679919390365,True,True
3797075,137618.20000000,0.04180000,3984932,3984932,1679919425476,False,True
3797076,137147.10000000,0.00110000,3984933,3984933,1679920134166,True,True
3797077,137008.10000000,0.00390000,3984934,3984934,1679920134166,True,True
3797078,137000.00000000,0.04420000,3984935,3984935,1679920148600,True,True
3797079,137000.00000000,0.04420000,3984936,3984936,1679920148747,True,True
3797080,137000.00000000,0.04420000,3984937,3984937,1679920148774,True,True
3797081,137000.00000000,0.04420000,3984938,3984938,1679920148803,True,True
3797082,137000.00000000,0.04420000,3984939,3984939,1679920148834,True,True
3797083,137000.00000000,0.04420000,3984940,3984940,1679920148868,True,True
3797084,137000.00000000,1.19100000,3984941,3984941,1679920148903,True,True
3797085,137000.00000000,0.04420000,3984942,3984942,1679920148973,True,True
3797086,137000.00000000,0.78900000,3984943,3984943,1679920149003,True,True
3797087,137302.90000000,0.00690000,3984944,3984944,1679920277821,False,True
3797088,137000.00000000,0.00840000,3984945,3984945,1679920447958,True,True
3797089,136893.70000000,0.11360000,3984946,3984946,1679920460867,True,True
3797090,136893.60000000,0.00110000,3984947,3984947,1679920466519,True,True
3797091,136897.20000000,0.02890000,3984948,3984948,1679920535035,False,True
3797092,136963.50000000,0.01100000,3984949,3984949,1679920560493,False,True
3797093,137075.00000000,0.01090000,3984950,3984950,1679920823110,False,True
3797094,136967.80000000,0.00360000,3984951,3984951,1679920911839,False,True
3797095,136800.30000000,0.00080000,3984952,3984952,1679921166682,True,True
3797096,136780.00000000,0.00360000,3984953,3984953,1679921166702,True,True
3797097,136750.00000000,0.00360000,3984954,3984954,1679921194277,True,True
3797098,136845.90000000,0.07220000,3984955,3984955,1679921382023,False,True
3797099,136668.40000000,0.00180000,3984956,3984956,1679921428525,True,True
3797100,136666.10000000,0.00090000,3984957,3984957,1679921428535,True,True
3797101,136640.00000000,0.00110000,3984958,3984958,1679921429132,True,True
3797102,136640.00000000,0.10590000,3984959,3984959,1679921551637,True,True
3797103,136640.00000000,0.01650000,3984960,3984960,1679921551660,True,True
3797104,136640.00000000,0.00340000,3984961,3984961,1679921551683,True,True
3797105,136700.00000000,0.00910000,3984962,3984962,1679921607047,False,True
3797106,136700.00000000,0.00910000,3984963,3984963,1679921607104,False,True
3797107,136700.00000000,0.00910000,3984964,3984964,1679921607132,False,True
3797108,136396.00000000,0.00690000,3984965,3984965,1679921816676,True,True
3797109,136687.00000000,0.00690000,3984966,3984966,1679922079741,False,True
3797110,136700.00000000,0.01160000,3984967,3984967,1679922187316,False,True
3797111,136700.00000000,0.07310000,3984968,3984968,1679922298192,False,True
3797112,136560.20000000,0.02220000,3984969,3984969,1679922501043,True,True
3797113,136716.80000000,0.00820000,3984970,3984970,1679922553490,False,True
3797114,136486.40000000,0.01100000,3984971,3984971,1679922576860,True,True
3797115,136416.10000000,0.14830000,3984972,3984972,1679922625420,True,True
3797116,136415.90000000,0.25230000,3984973,3984973,1679922626222,True,True
3797117,136395.90000000,0.00940000,3984974,3984974,1679922626934,True,True
3797118,136386.50000000,0.00110000,3984975,3984975,1679922627074,True,True
3797119,136373.20000000,0.00450000,3984976,3984976,1679922627074,True,True
3797120,136350.60000000,0.00640000,3984977,3984977,1679922627074,True,True
3797121,136507.80000000,0.00070000,3984978,3984978,1679922653629,False,True
3797122,136620.60000000,0.00780000,3984979,3984979,1679922735590,False,True
3797123,136701.10000000,0.02000000,3984980,3984980,1679922783338,False,True
3797124,136556.10000000,0.13510000,3984981,3984981,1679922810607,True,True
3797125,136556.10000000,0.01580000,3984982,3984982,1679922815580,True,True
3797126,136417.20000000,0.02990000,3984983,3984983,1679922901140,True,True
3797127,136391.10000000,0.02000000,3984984,3984984,1679923031969,True,True
3797128,136729.80000000,0.01990000,3984985,3984985,1679923119911,False,True
3797129,136729.90000000,0.00310000,3984986,3984986,1679923206233,False,True
3797130,136793.70000000,0.28480000,3984987,3984987,1679923314499,False,True
3797131,136798.10000000,0.11370000,3984988,3984988,1679923314499,False,True
3797132,136798.20000000,0.28480000,3984989,3984989,1679923314499,False,True
3797133,136808.90000000,0.12390000,3984990,3984990,1679923314499,False,True
3797134,136809.00000000,0.21570000,3984991,3984991,1679923314499,False,True
3797135,136802.40000000,0.00390000,3984992,3984992,1679923317670,False,True
3797136,136768.70000000,0.05690000,3984993,3984993,1679923417750,True,True
3797137,136632.90000000,0.06170000,3984994,3984994,1679923561553,True,True
3797138,136819.30000000,0.00110000,3984995,3984995,1679923669084,False,True
3797139,136544.70000000,0.28460000,3984996,3984996,1679923849125,True,True
3797140,136538.10000000,0.21410000,3984997,3984997,1679923849125,True,True
3797141,136635.10000000,0.13700000,3984998,3984998,1679923865530,True,True
3797142,136790.90000000,0.04400000,3984999,3984999,1679924097540,True,True
3797143,136786.30000000,0.21240000,3985000,3985000,1679924166829,True,True
3797144,136784.60000000,0.24860000,3985001,3985001,1679924166829,True,True
3797145,136746.50000000,0.03460000,3985002,3985002,1679924166829,True,True
3797146,136786.90000000,0.22540000,3985003,3985003,1679924169826,True,True
3797147,136520.00000000,0.00170000,3985004,3985004,1679924357339,False,True
3797148,136520.00000000,0.00170000,3985005,3985005,1679924357363,False,True
3797149,136520.00000000,0.00170000,3985006,3985006,1679924357772,False,True
3797150,136520.00000000,0.00170000,3985007,3985007,1679924357812,False,True
3797151,136520.00000000,0.00170000,3985008,3985008,1679924357840,False,True
3797152,136386.60000000,0.20130000,3985009,3985009,1679924367783,False,True
3797153,136677.70000000,0.00650000,3985010,3985010,1679924580872,True,True
3797154,137073.60000000,0.00110000,3985011,3985011,1679924734930,False,True
3797155,137142.20000000,0.00090000,3985012,3985012,1679924755142,False,True
3797156,137328.00000000,0.00110000,3985013,3985013,1679924793650,False,True
3797157,137184.80000000,0.00240000,3985014,3985014,1679924879405,True,True
3797158,137184.70000000,0.00490000,3985015,3985015,1679924879405,True,True
3797159,137184.70000000,0.00730000,3985016,3985016,1679924881375,True,True
3797160,137274.00000000,0.00730000,3985017,3985017,1679924884282,True,True
3797161,137274.00000000,0.00730000,3985018,3985018,1679924886454,True,True
3797162,137349.50000000,0.00730000,3985019,3985019,1679924888854,True,True
3797163,137274.00000000,0.00730000,3985020,3985020,1679924891551,True,True
3797164,137390.00000000,0.00730000,3985021,3985021,1679924893970,True,True
3797165,137390.00000000,0.00730000,3985022,3985022,1679924896128,True,True
3797166,137332.10000000,0.00730000,3985023,3985023,1679924898549,True,True
3797167,137274.00000000,0.00730000,3985024,3985024,1679924900964,True,True
3797168,137274.00000000,0.00110000,3985025,3985025,1679924901478,True,True
3797169,137274.10000000,0.00730000,3985026,3985026,1679924903430,True,True
3797170,137294.70000000,0.00730000,3985027,3985027,1679924905864,True,True
3797171,137294.70000000,0.00730000,3985028,3985028,1679924908326,True,True
3797172,137294.70000000,0.00730000,3985029,3985029,1679924910504,True,True
3797173,137035.70000000,0.00280000,3985030,3985030,1679925097281,True,True
3797174,136893.60000000,0.00110000,3985031,3985031,1679925302867,True,True
3797175,136750.10000000,0.02200000,3985032,3985032,1679925302867,True,True
3797176,137048.80000000,0.19820000,3985033,3985033,1679925402351,False,True
3797177,136750.10000000,0.00730000,3985034,3985034,1679925442523,True,True
3797178,136818.00000000,0.11370000,3985035,3985035,1679925600656,False,True
3797179,136818.00000000,0.03620000,3985036,3985036,1679925858404,True,True
3797180,136666.00000000,0.00090000,3985037,3985037,1679925948906,True,True
3797181,136640.00000000,0.00110000,3985038,3985038,1679926025127,True,True
3797182,136482.80000000,0.04790000,3985039,3985039,1679926025127,True,True
3797183,136718.90000000,0.01220000,3985040,3985040,1679926109515,False,True
3797184,136699.20000000,0.01200000,3985041,3985041,1679926404123,True,True
3797185,136420.00000000,0.17970000,3985042,3985042,1679926481906,True,True
3797186,136420.00000000,0.05700000,3985043,3985043,1679926571351,True,True
3797187,136420.00000000,0.04900000,3985044,3985044,1679926577805,True,True
3797188,136420.00000000,0.04910000,3985045,3985045,1679926578002,True,True
3797189,136420.00000000,0.03170000,3985046,3985046,1679926578041,True,True
3797190,136386.50000000,0.00110000,3985047,3985047,1679926590129,True,True
3797191,136326.80000000,0.11370000,3985048,3985048,1679926590635,True,True
3797192,136326.70000000,0.00180000,3985049,3985049,1679926599133,True,True
3797193,136310.40000000,0.00080000,3985050,3985050,1679926599133,True,True
3797194,136246.60000000,0.00550000,3985051,3985051,1679926599133,True,True
3797195,136189.80000000,0.00090000,3985052,3985052,1679926599133,True,True
3797196,136140.00000000,1.13200000,3985053,3985053,1679926599133,True,True
3797197,136133.00000000,0.00110000,3985054,3985054,1679926599133,True,True
3797198,136120.00000000,1.03610000,3985055,3985055,1679926599133,True,True
3797199,136120.00000000,0.00030000,3985056,3985056,1679926599133,True,True
3797200,136000.00000000,0.56790000,3985057,3985057,1679926600860,True,True
3797201,135988.60000000,0.08110000,3985058,3985058,1679926601354,True,True
3797202,136182.50000000,0.05310000,3985059,3985059,1679926611561,True,True
3797203,136182.50000000,0.05310000,3985060,3985060,1679926611615,True,True
3797204,135985.90000000,0.00160000,3985061,3985061,1679926668648,True,True
3797205,135985.90000000,0.00020000,3985062,3985062,1679926760272,True,True
3797206,135879.50000000,0.00110000,3985063,3985063,1679926760272,True,True
3797207,135874.30000000,0.00250000,3985064,3985064,1679926760272,True,True
3797208,135850.00000000,0.00450000,3985065,3985065,1679926760272,True,True
3797209,135810.90000000,0.00120000,3985066,3985066,1679926760272,True,True
3797210,135804.30000000,0.15400000,3985067,3985067,1679926760272,True,True
3797211,135986.00000000,0.03900000,3985068,3985068,1679926760428,False,True
3797212,135804.30000000,0.05620000,3985069,3985069,1679926760629,True,True
3797213,135986.00000000,0.03900000,3985070,3985070,1679926761011,False,True
3797214,135800.00000000,0.19580000,3985071,3985071,1679926764470,True,True
3797215,135800.00000000,0.08690000,3985072,3985072,1679926764652,True,True
3797216,135719.60000000,0.08170000,3985073,3985073,1679926764652,True,True
3797217,135809.40000000,0.00310000,3985074,3985074,1679926767382,False,True
3797218,135809.40000000,0.00310000,3985075,3985075,1679926767636,False,True
3797219,135809.40000000,0.00310000,3985076,3985076,1679926767749,False,True
3797220,135943.80000000,0.28680000,3985077,3985077,1679926891980,False,True
3797221,135946.30000000,0.11440000,3985078,3985078,1679926891980,False,True
3797222,135946.40000000,0.02480000,3985079,3985079,1679926891980,False,True
3797223,135713.90000000,0.00090000,3985080,3985080,1679926995885,True,True
3797224,135707.80000000,0.02830000,3985081,3985081,1679926995904,True,True
3797225,135645.90000000,0.00180000,3985082,3985082,1679927011562,True,True
3797226,135643.70000000,0.00550000,3985083,3985083,1679927011655,True,True
3797227,135626.00000000,0.00110000,3985084,3985084,1679927011690,True,True
3797228,135528.00000000,0.00080000,3985085,3985085,1679927024380,True,True
3797229,135489.00000000,0.01000000,3985086,3985086,1679927024380,True,True
3797230,135416.00000000,0.01220000,3985087,3985087,1679927024380,True,True
3797231,135403.10000000,0.01320000,3985088,3985088,1679927035381,False,True
3797232,135388.80000000,0.06230000,3985089,3985089,1679927039156,False,True
3797233,135390.00000000,0.01010000,3985090,3985090,1679927039278,False,True
3797234,135390.00000000,0.05580000,3985091,3985091,1679927058689,False,True
3797235,135390.00000000,0.05580000,3985092,3985092,1679927058764,False,True
3797236,135390.00000000,1.20220000,3985093,3985093,1679927058875,False,True
3797237,135390.00000000,0.01510000,3985094,3985094,1679927063575,False,True
3797238,135390.00000000,0.01510000,3985095,3985095,1679927063641,False,True
3797239,135390.00000000,0.43280000,3985096,3985096,1679927064912,False,True
3797240,135390.00000000,0.27240000,3985097,3985097,1679927066151,False,True
3797241,135390.00000000,0.05750000,3985098,3985098,1679927067391,False,True
3797242,135390.00000000,0.03220000,3985099,3985099,1679927067452,False,True
3797243,135390.00000000,0.24520000,3985100,3985100,1679927107773,True,True
3797244,135372.40000000,0.00110000,3985101,3985101,1679927124950,True,True
3797245,135329.10000000,0.03690000,3985102,3985102,1679927125072,True,True
3797246,135293.10000000,0.00180000,3985103,3985103,1679927125072,True,True
3797247,135237.70000000,0.00090000,3985104,3985104,1679927125072,True,True
3797248,135231.20000000,0.00680000,3985105,3985105,1679927125072,True,True
3797249,135200.00000000,0.00990000,3985106,3985106,1679927125072,True,True
3797250,135130.10000000,0.00130000,3985107,3985107,1679927125072,True,True
3797251,135131.10000000,0.03690000,3985108,3985108,1679927125092,True,True
3797252,135225.20000000,0.00770000,3985109,3985109,1679927127318,False,True
3797253,135308.40000000,0.00740000,3985110,3985110,1679927134519,False,True
3797254,135130.10000000,0.06110000,3985111,3985111,1679927138608,True,True
3797255,135130.10000000,0.01700000,3985112,3985112,1679927143945,True,True
3797256,135118.90000000,0.00110000,3985113,3985113,1679927147845,True,True
3797257,135391.90000000,0.03690000,3985114,3985114,1679927287597,False,True
3797258,135280.00000000,0.00500000,3985115,3985115,1679927308719,True,True
3797259,135280.00000000,0.03850000,3985116,3985116,1679927433696,True,True
3797260,135280.00000000,0.01000000,3985117,3985117,1679927433899,True,True
3797261,135280.00000000,0.10580000,3985118,3985118,1679927433988,True,True
3797262,135280.00000000,0.04890000,3985119,3985119,1679927440436,True,True
3797263,135280.00000000,0.51100000,3985120,3985120,1679927440547,True,True
3797264,135280.00000000,0.17850000,3985121,3985121,1679927440679,True,True
3797265,135280.00000000,0.10730000,3985122,3985122,1679927440875,True,True
3797266,135118.90000000,0.00740000,3985123,3985123,1679927523775,True,True
3797267,135257.30000000,0.02200000,3985124,3985124,1679927598480,False,True
3797268,135000.00000000,0.03050000,3985125,3985125,1679927640643,True,True
3797269,135000.00000000,1.82860000,3985126,3985130,1679927640758,True,True
3797270,134954.90000000,0.00190000,3985131,3985131,1679927647551,True,True
3797271,134950.00000000,0.10000000,3985132,3985132,1679927647577,True,True
3797272,134865.40000000,0.00110000,3985133,3985133,1679927655437,True,True
3797273,134761.50000000,0.00090000,3985134,3985134,1679927662880,True,True
3797274,134761.50000000,0.03000000,3985135,3985135,1679927679138,False,True
3797275,134844.40000000,0.00640000,3985136,3985136,1679927761015,True,True
3797276,135119.50000000,0.01360000,3985137,3985137,1679927788172,False,True
3797277,134918.80000000,0.01020000,3985138,3985138,1679927792362,True,True
3797278,134921.70000000,0.01200000,3985139,3985139,1679927873315,True,True
3797279,134921.70000000,0.00740000,3985140,3985140,1679928019179,True,True
3797280,135237.60000000,0.00090000,3985141,3985141,1679928264186,False,True
3797281,135292.30000000,0.00190000,3985142,3985142,1679928272315,False,True
3797282,135293.40000000,0.00110000,3985143,3985143,1679928272338,False,True
3797283,135527.30000000,0.00080000,3985144,3985144,1679928386205,True,True
3797284,135527.30000000,0.15990000,3985145,3985145,1679928614719,True,True
3797285,135219.70000000,0.04430000,3985146,3985146,1679928664421,True,True
3797286,135416.00000000,0.15110000,3985147,3985147,1679928710639,False,True
3797287,135426.50000000,0.13640000,3985148,3985148,1679928710734,False,True
3797288,135426.50000000,0.06390000,3985149,3985149,1679928710742,False,True
3797289,135535.50000000,0.11470000,3985150,3985150,1679928710742,False,True
3797290,135535.80000000,0.02160000,3985151,3985151,1679928710742,False,True
3797291,135437.90000000,0.02870000,3985152,3985152,1679928710808,True,True
3797292,135547.70000000,0.00110000,3985153,3985153,1679929004268,False,True
3797293,135549.90000000,0.27870000,3985154,3985154,1679929071321,False,True
3797294,135513.20000000,0.05520000,3985155,3985155,1679929071979,False,True
3797295,135450.00000000,0.00200000,3985156,3985156,1679929080084,True,True
3797296,135505.50000000,0.02300000,3985157,3985157,1679929080442,False,True
3797297,135131.00000000,0.00200000,3985158,3985158,1679929102862,True,True
3797298,135118.90000000,0.00110000,3985159,3985159,1679929102862,True,True
3797299,135037.20000000,0.11200000,3985160,3985160,1679929102862,True,True
3797300,135037.00000000,0.07410000,3985161,3985161,1679929104362,True,True
3797301,135028.00000000,0.07400000,3985162,3985162,1679929104362,True,True
3797302,135028.00000000,0.00010000,3985163,3985163,1679929104363,True,True
3797303,134954.90000000,0.00190000,3985164,3985164,1679929106857,True,True
3797304,134930.00000000,0.16060000,3985165,3985165,1679929106857,True,True
3797305,135016.60000000,0.00200000,3985166,3985166,1679929107749,False,True
3797306,134865.50000000,0.00360000,3985167,3985167,1679929113992,False,True
3797307,134865.50000000,0.00360000,3985168,3985168,1679929114326,False,True
3797308,134988.00000000,0.00360000,3985169,3985169,1679929114455,False,True
3797309,134958.20000000,0.00360000,3985170,3985170,1679929114667,False,True
3797310,134946.20000000,0.00360000,3985171,3985171,1679929114779,False,True
3797311,134940.80000000,0.00360000,3985172,3985172,1679929114862,False,True
3797312,134922.50000000,0.00360000,3985173,3985173,1679929115108,False,True
3797313,134911.70000000,0.00360000,3985174,3985174,1679929115256,False,True
3797314,134908.60000000,0.00360000,3985175,3985175,1679929115407,False,True
3797315,134958.60000000,0.00360000,3985176,3985176,1679929115643,False,True
3797316,134958.60000000,0.00360000,3985177,3985177,1679929115767,False,True
3797317,134958.60000000,0.00360000,3985178,3985178,1679929115852,False,True
3797318,134958.60000000,0.00360000,3985179,3985179,1679929115932,False,True
3797319,134993.60000000,0.00470000,3985180,3985180,1679929139150,False,True
3797320,134986.70000000,0.00470000,3985181,3985181,1679929139192,False,True
3797321,134974.00000000,0.00470000,3985182,3985182,1679929139284,False,True
3797322,134955.40000000,0.00470000,3985183,3985183,1679929139472,False,True
3797323,134944.30000000,0.00470000,3985184,3985184,1679929139568,False,True
3797324,134934.60000000,0.00470000,3985185,3985185,1679929139664,False,True
3797325,134870.00000000,0.00200000,3985186,3985186,1679929149606,True,True
3797326,134865.40000000,0.00110000,3985187,3985187,1679929149606,True,True
3797327,134761.40000000,0.00090000,3985188,3985188,1679929149606,True,True
3797328,134700.00000000,0.00200000,3985189,3985189,1679929149606,True,True
3797329,134617.50000000,0.00190000,3985190,3985190,1679929155139,True,True
3797330,134611.90000000,0.00110000,3985191,3985191,1679929155139,True,True
3797331,134600.00000000,0.00200000,3985192,3985192,1679929155139,True,True
3797332,134609.70000000,0.03880000,3985193,3985193,1679929155586,False,True
3797333,134500.00000000,2.09270000,3985194,3985195,1679929155600,True,True
3797334,134602.30000000,0.03880000,3985196,3985196,1679929155838,False,True
3797335,134602.30000000,0.03880000,3985197,3985197,1679929155974,False,True
3797336,134602.30000000,0.03880000,3985198,3985198,1679929156524,False,True
3797337,134500.00000000,0.00920000,3985199,3985199,1679929170681,True,True
3797338,134500.00000000,0.00920000,3985200,3985200,1679929171625,True,True
3797339,134639.10000000,0.11420000,3985201,3985201,1679929178482,False,True
3797340,134500.00000000,0.44190000,3985202,3985202,1679929179036,True,True
3797341,134500.00000000,0.14310000,3985203,3985203,1679929184670,True,True
3797342,134500.00000000,0.02720000,3985204,3985204,1679929186216,True,True
3797343,134500.00000000,0.57680000,3985205,3985205,1679929186794,True,True
3797344,134500.00000000,1.81540000,3985206,3985206,1679929187188,True,True
3797345,134500.00000000,0.09230000,3985207,3985208,1679929187272,True,True
3797346,134453.30000000,0.00430000,3985209,3985209,1679929193474,True,True
3797347,134400.00000000,0.12230000,3985210,3985210,1679929193474,True,True
3797348,134400.00000000,0.03890000,3985211,3985211,1679929193941,True,True
3797349,134470.40000000,0.03510000,3985212,3985212,1679929194268,False,True
3797350,134471.50000000,0.24190000,3985213,3985213,1679929194268,False,True
3797351,134471.60000000,0.54250000,3985214,3985214,1679929194268,False,True
3797352,134500.00000000,0.26580000,3985215,3985215,1679929194838,True,True
3797353,134400.00000000,0.80520000,3985216,3985216,1679929200954,True,True
3797354,134358.40000000,0.00110000,3985217,3985217,1679929200954,True,True
3797355,134285.30000000,0.00090000,3985218,3985218,1679929200954,True,True
3797356,134272.60000000,0.00080000,3985219,3985219,1679929200954,True,True
3797357,134267.30000000,0.00190000,3985220,3985220,1679929200954,True,True
3797358,134250.00000000,0.00200000,3985221,3985221,1679929200954,True,True
3797359,134231.80000000,0.02950000,3985222,3985222,1679929200954,True,True
3797360,134200.00000000,0.02190000,3985223,3985223,1679929200954,True,True
3797361,134200.00000000,0.35060000,3985224,3985224,1679929201146,True,True
3797362,134186.00000000,0.00080000,3985225,3985225,1679929201146,True,True
3797363,134010.90000000,0.00080000,3985226,3985226,1679929201146,True,True
3797364,134005.10000000,0.00740000,3985227,3985227,1679929201146,True,True
3797365,134000.80000000,0.10640000,3985228,3985228,1679929201146,True,True
3797366,134000.00000000,0.33920000,3985229,3985230,1679929201146,True,True
3797367,134104.80000000,0.00110000,3985231,3985231,1679929216636,True,True
3797368,134000.00000000,0.05710000,3985232,3985232,1679929216636,True,True
3797369,134000.00000000,0.05820000,3985233,3985233,1679929216664,True,True
3797370,134000.00000000,0.04130000,3985234,3985234,1679929216754,True,True
3797371,134000.00000000,0.75050000,3985235,3985235,1679929216897,True,True
3797372,134000.00000000,1.16410000,3985236,3985237,1679929217141,True,True
3797373,134000.00000000,0.02690000,3985238,3985240,1679929217365,True,True
3797374,133980.00000000,0.35060000,3985241,3985241,1679929217529,True,True
3797375,133980.00000000,0.62960000,3985242,3985242,1679929217919,True,True
3797376,133948.10000000,0.03490000,3985243,3985243,1679929217919,True,True
3797377,133931.60000000,0.00190000,3985244,3985244,1679929217919,True,True
3797378,133898.20000000,0.00250000,3985245,3985245,1679929217919,True,True
3797379,133809.20000000,0.00090000,3985246,3985246,1679929217919,True,True
3797380,133710.80000000,0.00170000,3985247,3985247,1679929217919,True,True
3797381,133645.70000000,0.01620000,3985248,3985248,1679929217919,True,True
3797382,133881.00000000,0.02210000,3985249,3985249,1679929222543,False,True
3797383,133851.40000000,0.02210000,3985250,3985250,1679929223022,False,True
3797384,133851.40000000,0.02210000,3985251,3985251,1679929223349,False,True
3797385,133851.40000000,0.02210000,3985252,3985252,1679929226297,False,True
3797386,133851.40000000,0.02210000,3985253,3985253,1679929226417,False,True
3797387,133851.30000000,0.00110000,3985254,3985254,1679929226893,True,True
3797388,133738.90000000,0.07450000,3985255,3985255,1679929231483,False,True
3797389,133645.70000000,0.04730000,3985256,3985256,1679929231943,True,True
3797390,133659.40000000,0.36250000,3985257,3985257,1679929250657,False,True
3797391,133676.50000000,0.18880000,3985258,3985258,1679929259751,False,True
3797392,133803.10000000,0.00630000,3985259,3985259,1679929266646,False,True
3797393,133623.30000000,0.00880000,3985260,3985260,1679929277978,False,True
3797394,133597.80000000,0.00110000,3985261,3985261,1679929280345,True,True
3797395,133583.10000000,0.00190000,3985262,3985262,1679929280345,True,True
3797396,133550.00000000,0.01310000,3985263,3985263,1679929280345,True,True
3797397,133508.90000000,0.22470000,3985264,3985264,1679929280345,True,True
3797398,133499.90000000,0.04670000,3985265,3985265,1679929280345,True,True
3797399,133500.00000000,0.00890000,3985266,3985266,1679929280950,False,True
3797400,133499.90000000,0.01690000,3985267,3985267,1679929283785,True,True
3797401,133333.10000000,0.00110000,3985268,3985268,1679929283952,False,True
3797402,133333.10000000,0.01660000,3985269,3985269,1679929284184,False,True
3797403,133756.10000000,0.25180000,3985270,3985270,1679929309825,True,True
3797404,133756.10000000,0.00470000,3985271,3985271,1679929321965,True,True
3797405,133504.60000000,0.11010000,3985272,3985272,1679929338713,False,True
3797406,133504.50000000,0.11650000,3985273,3985273,1679929345660,False,True
3797407,133391.00000000,0.17500000,3985274,3985274,1679929347060,False,True
3797408,133504.60000000,0.06460000,3985275,3985275,1679929347226,False,True
3797409,133401.20000000,0.17490000,3985276,3985276,1679929348423,False,True
3797410,133333.00000000,0.11200000,3985277,3985278,1679929350323,True,True
3797411,133249.10000000,0.00190000,3985279,3985279,1679929350700,True,True
3797412,133232.90000000,0.12420000,3985280,3985280,1679929350700,True,True
3797413,133247.20000000,0.02000000,3985281,3985281,1679929397955,True,True
3797414,133247.20000000,0.00750000,3985282,3985282,1679929448268,True,True
3797415,133112.10000000,0.66290000,3985283,3985283,1679929457062,True,True
3797416,133100.00000000,0.05230000,3985284,3985284,1679929458372,True,True
3797417,133090.80000000,0.00110000,3985285,3985285,1679929483679,True,True
3797418,133000.00000000,0.00080000,3985286,3985286,1679929483679,True,True
3797419,132947.80000000,0.05670000,3985287,3985287,1679929483679,True,True
3797420,132952.60000000,0.05870000,3985288,3985288,1679929486937,True,True
3797421,132947.70000000,0.05000000,3985289,3985289,1679929487011,True,True
3797422,132902.30000000,0.00190000,3985290,3985290,1679929490723,True,True
3797423,132871.30000000,0.17900000,3985291,3985291,1679929490723,True,True
3797424,132871.30000000,0.02680000,3985292,3985292,1679929492429,True,True
3797425,133079.70000000,0.07670000,3985293,3985293,1679929497954,False,True
3797426,133079.80000000,0.06480000,3985294,3985294,1679929497954,False,True
3797427,132858.00000000,0.00090000,3985295,3985295,1679929510077,True,True
3797428,132856.80000000,0.00090000,3985296,3985296,1679929510077,True,True
3797429,132839.40000000,0.00330000,3985297,3985297,1679929510077,True,True
3797430,132839.40000000,0.01490000,3985298,3985298,1679929523903,True,True
3797431,132839.40000000,0.03130000,3985299,3985299,1679929524388,True,True
3797432,132837.20000000,0.00110000,3985300,3985300,1679929536978,True,True
3797433,132650.70000000,0.06500000,3985301,3985301,1679929542022,True,True
3797434,132650.30000000,0.03070000,3985302,3985302,1679929542609,True,True
3797435,132583.70000000,0.00110000,3985303,3985303,1679929551021,True,True
3797436,132565.00000000,0.02820000,3985304,3985304,1679929551104,True,True
3797437,132565.00000000,0.01480000,3985305,3985305,1679929552013,True,True
3797438,133004.50000000,0.00110000,3985306,3985306,1679929593162,False,True
3797439,133316.60000000,0.00110000,3985307,3985307,1679929594461,False,True
3797440,133258.80000000,0.00110000,3985308,3985308,1679929594788,False,True
3797441,133316.60000000,0.03750000,3985309,3985309,1679929616860,False,True
3797442,132999.10000000,0.17540000,3985310,3985310,1679929696703,False,True
3797443,133114.10000000,0.12160000,3985311,3985311,1679929696703,False,True
3797444,132837.20000000,0.00110000,3985312,3985312,1679929705381,True,True
3797445,132880.20000000,0.02150000,3985313,3985313,1679929719554,False,True
3797446,132583.80000000,0.17610000,3985314,3985314,1679929749251,False,True
3797447,132583.70000000,0.00110000,3985315,3985315,1679929754026,True,True
3797448,132556.30000000,0.00190000,3985316,3985316,1679929754026,True,True
3797449,132429.90000000,0.11430000,3985317,3985317,1679929754026,True,True
3797450,132498.90000000,0.19530000,3985318,3985318,1679929761895,True,True
3797451,132498.90000000,0.05660000,3985319,3985319,1679929762179,True,True
3797452,132426.30000000,0.25200000,3985320,3985320,1679929762368,True,True
3797453,132380.60000000,0.00090000,3985321,3985321,1679929773609,True,True
3797454,132336.60000000,0.00970000,3985322,3985322,1679929773609,True,True
3797455,132333.00000000,0.00080000,3985323,3985323,1679929773609,True,True
3797456,132330.20000000,0.00110000,3985324,3985324,1679929773609,True,True
3797457,132281.90000000,0.12170000,3985325,3985325,1679929773609,True,True
3797458,132281.90000000,0.13350000,3985326,3985326,1679929774341,True,True
3797459,132211.30000000,0.00520000,3985327,3985327,1679929786082,False,True
3797460,132211.20000000,0.00190000,3985328,3985328,1679929792176,True,True
3797461,132076.70000000,0.00110000,3985329,3985329,1679929801612,True,True
3797462,132000.00000000,0.02270000,3985330,3985330,1679929801837,True,True
3797463,131947.70000000,0.05960000,3985331,3985331,1679929801968,True,True
3797464,132186.80000000,0.25140000,3985332,3985332,1679929826445,True,True
3797465,132098.70000000,0.03060000,3985333,3985333,1679929867836,False,True
3797466,132042.60000000,0.17320000,3985334,3985334,1679929872347,False,True
3797467,132057.40000000,0.04840000,3985335,3985335,1679929919722,False,True
3797468,132068.00000000,0.04380000,3985336,3985336,1679929927973,False,True
3797469,132068.00000000,0.00720000,3985337,3985337,1679929929164,False,True
3797470,132495.90000000,0.00110000,3985338,3985338,1679929998629,False,True
3797471,132495.90000000,0.00960000,3985339,3985339,1679930025413,False,True
3797472,132577.90000000,0.05880000,3985340,3985340,1679930029814,False,True
3797473,132577.90000000,0.05880000,3985341,3985341,1679930030051,False,True
3797474,132577.90000000,0.61840000,3985342,3985343,1679930103622,True,True
3797475,132574.60000000,0.00360000,3985344,3985344,1679930105353,False,True
3797476,132574.60000000,0.00360000,3985345,3985345,1679930105397,False,True
3797477,132574.60000000,0.00360000,3985346,3985346,1679930105472,False,True
3797478,132574.60000000,0.00360000,3985347,3985347,1679930105508,False,True
3797479,132574.60000000,0.00360000,3985348,3985348,1679930105539,False,True
3797480,132574.60000000,0.00360000,3985349,3985349,1679930105573,False,True
3797481,132574.60000000,0.00360000,3985350,3985350,1679930105614,False,True
3797482,132569.10000000,0.00360000,3985351,3985351,1679930105680,False,True
3797483,132569.10000000,0.00360000,3985352,3985352,1679930105851,False,True
3797484,132674.30000000,0.00190000,3985353,3985353,1679930147862,False,True
3797485,132727.90000000,0.12040000,3985354,3985354,1679930150990,True,True
3797486,132750.20000000,0.00110000,3985355,3985355,1679930153489,False,True
3797487,132856.70000000,0.00090000,3985356,3985356,1679930153489,False,True
3797488,132881.20000000,0.11870000,3985357,3985357,1679930153489,False,True
3797489,132887.70000000,0.00190000,3985358,3985358,1679930156319,False,True
3797490,133002.70000000,0.00200000,3985359,3985359,1679930188386,False,True
3797491,133004.50000000,0.00110000,3985360,3985360,1679930188386,False,True
3797492,133037.50000000,0.01650000,3985361,3985361,1679930188386,False,True
3797493,132900.00000000,0.03260000,3985362,3985363,1679930203181,True,True
3797494,133167.90000000,0.01130000,3985364,3985364,1679930214175,False,True
3797495,132826.40000000,0.21430000,3985365,3985365,1679930236973,True,True
3797496,133028.70000000,0.00370000,3985366,3985366,1679930237140,False,True
3797497,132996.10000000,0.13220000,3985367,3985367,1679930247704,False,True
3797498,133067.20000000,0.03860000,3985368,3985368,1679930264696,False,True
3797499,133202.00000000,0.00990000,3985369,3985369,1679930290846,False,True
3797500,133081.50000000,0.01330000,3985370,3985370,1679930305738,False,True
3797501,133092.00000000,0.00470000,3985371,3985371,1679930366924,True,True
3797502,133089.60000000,0.05850000,3985372,3985372,1679930367544,True,True
3797503,133089.60000000,0.19370000,3985373,3985373,1679930367818,True,True
3797504,132986.70000000,0.19370000,3985374,3985374,1679930367836,True,True
3797505,133142.40000000,0.00410000,3985375,3985375,1679930403616,False,True
3797506,133258.80000000,0.00110000,3985376,3985376,1679930471135,False,True
3797507,133332.90000000,0.00090000,3985377,3985377,1679930508916,False,True
3797508,133367.20000000,0.01470000,3985378,3985378,1679930526704,False,True
3797509,133258.80000000,0.03750000,3985379,3985379,1679930541334,True,True
3797510,133364.90000000,0.00250000,3985380,3985380,1679930547132,False,True
3797511,133367.70000000,0.03500000,3985381,3985381,1679930547132,False,True
3797512,133367.70000000,0.03750000,3985382,3985382,1679930610216,False,True
3797513,133367.80000000,0.00190000,3985383,3985383,1679930651603,False,True
3797514,133468.70000000,0.03700000,3985384,3985384,1679930711832,False,True
3797515,133465.90000000,0.00350000,3985385,3985385,1679930818533,False,True
3797516,133513.20000000,0.00110000,3985386,3985386,1679930868354,False,True
3797517,133582.30000000,0.00190000,3985387,3985387,1679930926410,False,True
3797518,133756.20000000,0.00110000,3985388,3985388,1679930958331,False,True
3797519,133809.10000000,0.00090000,3985389,3985389,1679930958878,False,True
3797520,133700.00000000,0.02000000,3985390,3985390,1679931002786,True,True
3797521,133641.00000000,0.00080000,3985391,3985391,1679931108026,False,True
3797522,133540.00000000,0.00110000,3985392,3985392,1679931137849,True,True
3797523,133513.20000000,0.29150000,3985393,3985393,1679931137849,True,True
3797524,133513.30000000,0.27800000,3985394,3985394,1679931137997,True,True
3797525,133513.20000000,0.00110000,3985395,3985395,1679931137997,True,True
3797526,133513.10000000,0.00760000,3985396,3985396,1679931137997,True,True
3797527,133446.20000000,0.00590000,3985397,3985397,1679931137997,True,True
3797528,133469.40000000,0.00470000,3985398,3985398,1679931352738,False,True
3797529,133459.30000000,0.00520000,3985399,3985399,1679931378906,False,True
3797530,133445.40000000,0.00520000,3985400,3985400,1679931378983,False,True
3797531,133462.00000000,0.00520000,3985401,3985401,1679931397282,False,True
3797532,133469.40000000,0.00160000,3985402,3985402,1679931518022,True,True
3797533,133344.30000000,0.00110000,3985403,3985403,1679931526752,True,True
3797534,133406.30000000,0.07610000,3985404,3985404,1679931558821,False,True
3797535,133446.20000000,0.17660000,3985405,3985405,1679931715667,False,True
3797536,133465.40000000,0.00370000,3985406,3985406,1679931764032,False,True
3797537,133559.10000000,0.03700000,3985407,3985407,1679931795657,False,True
3797538,133588.10000000,0.17350000,3985408,3985408,1679932000688,False,True
3797539,133595.90000000,0.00260000,3985409,3985409,1679932015715,True,True
3797540,133755.00000000,0.03690000,3985410,3985410,1679932102575,False,True
3797541,133755.00000000,0.03690000,3985411,3985411,1679932102614,False,True
3797542,133755.00000000,0.03690000,3985412,3985412,1679932102818,False,True
3797543,133755.00000000,0.03690000,3985413,3985413,1679932102856,False,True
3797544,133755.00000000,0.03690000,3985414,3985414,1679932103011,False,True
3797545,133755.00000000,0.03690000,3985415,3985415,1679932103080,False,True
3797546,133595.90000000,0.03750000,3985416,3985416,1679932109652,True,True
3797547,133560.00000000,0.02220000,3985417,3985417,1679932128547,True,True
3797548,133767.50000000,0.00110000,3985418,3985418,1679932317252,False,True
3797549,133704.00000000,0.00980000,3985419,3985419,1679932320315,True,True
3797550,133821.10000000,0.00510000,3985420,3985420,1679932379445,True,True
3797551,133822.70000000,0.00510000,3985421,3985421,1679932379492,True,True
3797552,133822.70000000,0.00770000,3985422,3985422,1679932379534,True,True
3797553,133922.10000000,0.14710000,3985423,3985423,1679932413527,False,True
3797554,133922.10000000,0.12340000,3985424,3985424,1679932415530,False,True
3797555,133945.80000000,0.02380000,3985425,3985425,1679932415530,False,True
3797556,133871.00000000,0.14720000,3985426,3985426,1679932416530,False,True
3797557,133893.00000000,0.03740000,3985427,3985427,1679932438122,False,True
3797558,133893.00000000,0.28910000,3985428,3985428,1679932738192,True,True
3797559,133893.00000000,0.80120000,3985429,3985429,1679932740542,True,True
3797560,133666.40000000,0.12080000,3985430,3985430,1679932873738,True,True
3797561,134000.00000000,0.00080000,3985431,3985431,1679933082571,False,True
3797562,134021.80000000,0.00110000,3985432,3985432,1679933082571,False,True
3797563,134051.00000000,0.00190000,3985433,3985433,1679933082571,False,True
3797564,134266.40000000,0.12080000,3985434,3985434,1679933082571,False,True
3797565,134266.50000000,0.00190000,3985435,3985435,1679933082571,False,True
3797566,134285.30000000,0.00060000,3985436,3985436,1679933082571,False,True
3797567,134285.30000000,0.00030000,3985437,3985437,1679933082571,False,True
3797568,134177.50000000,0.00520000,3985438,3985438,1679933082964,True,True
3797569,134180.90000000,0.00470000,3985439,3985439,1679933083008,True,True
3797570,134276.10000000,0.00110000,3985440,3985440,1679933087076,False,True
3797571,134393.50000000,0.00520000,3985441,3985441,1679933087076,False,True
3797572,134401.90000000,0.12470000,3985442,3985442,1679933087076,False,True
3797573,134393.10000000,0.00470000,3985443,3985443,1679933127336,False,True
3797574,134397.80000000,0.03250000,3985444,3985444,1679933127336,False,True
3797575,134530.40000000,0.00110000,3985445,3985445,1679933198047,False,True
3797576,134737.60000000,0.00190000,3985446,3985446,1679933223705,False,True
3797577,134737.60000000,0.40760000,3985447,3985447,1679933243348,True,True
3797578,134574.10000000,0.06320000,3985448,3985448,1679933243459,True,True
3797579,134761.40000000,0.00090000,3985449,3985449,1679933443858,False,True
3797580,134784.80000000,0.00110000,3985450,3985450,1679933444314,False,True
3797581,134474.90000000,0.08160000,3985451,3985451,1679933623192,False,True
3797582,134545.10000000,0.12420000,3985452,3985452,1679933628936,False,True
3797583,134861.60000000,0.11590000,3985453,3985453,1679933719700,False,True
3797584,134861.70000000,0.17370000,3985454,3985454,1679933719700,False,True
3797585,134954.10000000,0.00190000,3985455,3985455,1679933719700,False,True
3797586,134963.00000000,0.00850000,3985456,3985456,1679933719700,False,True
3797587,134778.00000000,0.03160000,3985457,3985457,1679933740392,False,True
3797588,134778.00000000,0.06210000,3985458,3985458,1679933740392,False,True
3797589,134887.60000000,0.29560000,3985459,3985459,1679933778033,True,True
3797590,135000.00000000,0.00080000,3985460,3985460,1679933807623,False,True
3797591,135000.80000000,0.05640000,3985461,3985461,1679933807623,False,True
3797592,135000.80000000,0.02950000,3985462,3985462,1679933807783,False,True
3797593,135000.80000000,0.02040000,3985463,3985463,1679933808466,False,True
3797594,135039.10000000,0.00110000,3985464,3985464,1679933810542,False,True
3797595,135237.40000000,0.11560000,3985465,3985465,1679933840047,False,True
3797596,135237.50000000,0.00090000,3985466,3985466,1679933840047,False,True
3797597,135205.10000000,0.14650000,3985467,3985467,1679933904538,True,True
3797598,135131.20000000,0.06580000,3985468,3985468,1679933905148,True,True
3797599,135131.20000000,0.06580000,3985469,3985469,1679933905287,True,True
3797600,135131.20000000,0.31840000,3985470,3985470,1679933905427,True,True
3797601,135122.60000000,0.00640000,3985471,3985471,1679933906005,True,True
3797602,134813.40000000,0.00760000,3985472,3985472,1679934209829,True,True
3797603,134813.30000000,0.00830000,3985473,3985473,1679934230802,True,True
3797604,134773.90000000,0.00280000,3985474,3985474,1679934232345,False,True
3797605,134773.90000000,0.00470000,3985475,3985475,1679934232431,False,True
3797606,134761.30000000,0.00090000,3985476,3985476,1679934250426,True,True
3797607,134611.90000000,0.00110000,3985477,3985477,1679934250426,True,True
3797608,134557.20000000,0.11400000,3985478,3985478,1679934250426,True,True
3797609,134617.50000000,0.00190000,3985479,3985479,1679934406761,True,True
3797610,134525.40000000,0.01160000,3985480,3985480,1679934500246,False,True
3797611,134528.10000000,0.10240000,3985481,3985481,1679934966137,False,True
3797612,134553.20000000,0.01950000,3985482,3985482,1679934966137,False,True
3797613,134417.60000000,0.00280000,3985483,3985483,1679935172102,False,True
3797614,134374.90000000,0.20070000,3985484,3985484,1679935348024,False,True
3797615,134358.40000000,0.00110000,3985485,3985485,1679935356267,True,True
3797616,134285.20000000,0.00090000,3985486,3985486,1679935371446,True,True
3797617,134267.30000000,0.00190000,3985487,3985487,1679935388592,True,True
3797618,134293.20000000,0.00080000,3985488,3985488,1679935398084,False,True
3797619,134104.80000000,0.00110000,3985489,3985489,1679935630256,True,True
3797620,134037.30000000,0.05530000,3985490,3985490,1679935630256,True,True
3797621,134185.80000000,0.02200000,3985491,3985491,1679935794462,False,True
3797622,134182.80000000,0.02200000,3985492,3985492,1679935892715,False,True
3797623,134000.00000000,0.01000000,3985493,3985493,1679935982337,True,True
3797624,134065.10000000,0.02200000,3985494,3985494,1679936151427,True,True
3797625,134120.20000000,0.00800000,3985495,3985495,1679936386929,True,True
3797626,134186.10000000,0.02400000,3985496,3985496,1679936401160,True,True
3797627,134208.20000000,0.00600000,3985497,3985497,1679936531721,True,True
3797628,134499.90000000,0.02230000,3985498,3985498,1679936663469,False,True
3797629,134436.40000000,0.00740000,3985499,3985499,1679936682958,False,True
3797630,133931.70000000,0.03850000,3985500,3985500,1679937066584,True,True
3797631,133931.70000000,0.11660000,3985501,3985501,1679937203150,True,True
3797632,133931.70000000,0.11660000,3985502,3985502,1679937203261,True,True
3797633,133931.60000000,0.00190000,3985503,3985503,1679937242398,True,True
3797634,133851.30000000,0.00110000,3985504,3985504,1679937242398,True,True
3797635,133825.40000000,0.06640000,3985505,3985505,1679937242398,True,True
3797636,133811.90000000,0.24840000,3985506,3985506,1679937375890,True,True
3797637,133809.10000000,0.00090000,3985507,3985507,1679937375890,True,True
3797638,133766.70000000,0.00480000,3985508,3985508,1679937383002,False,True
3797639,133766.70000000,0.00520000,3985509,3985509,1679937383020,False,True
3797640,133766.70000000,0.00290000,3985510,3985510,1679937383052,False,True
3797641,133816.50000000,0.00640000,3985511,3985511,1679937611778,True,True
3797642,134147.70000000,0.29470000,3985512,3985512,1679937791444,True,True
3797643,134111.20000000,0.00550000,3985513,3985513,1679937799653,True,True
3797644,133710.30000000,0.24840000,3985514,3985514,1679937970495,True,True
3797645,133597.80000000,0.00110000,3985515,3985515,1679938079535,True,True
3797646,133597.80000000,0.00470000,3985516,3985516,1679938079545,False,True
3797647,133597.80000000,0.11680000,3985517,3985517,1679938079586,False,True
3797648,133597.80000000,0.11680000,3985518,3985518,1679938079616,False,True
3797649,133597.80000000,0.11680000,3985519,3985519,1679938079643,False,True
3797650,133597.80000000,0.11680000,3985520,3985520,1679938079668,False,True
3797651,133597.80000000,0.11680000,3985521,3985521,1679938079696,False,True
3797652,133597.80000000,0.11680000,3985522,3985522,1679938079721,False,True
3797653,133597.80000000,0.11680000,3985523,3985523,1679938079749,False,True
3797654,133597.80000000,0.11680000,3985524,3985524,1679938079777,False,True
3797655,133597.80000000,0.11680000,3985525,3985525,1679938079805,False,True
3797656,133597.80000000,0.11680000,3985526,3985526,1679938079835,False,True
3797657,133597.80000000,0.11680000,3985527,3985527,1679938079862,False,True
3797658,133597.80000000,0.11680000,3985528,3985528,1679938080018,False,True
3797659,133597.80000000,0.11680000,3985529,3985529,1679938080056,False,True
3797660,133597.80000000,0.50770000,3985530,3985530,1679938080058,False,True
3797661,133597.80000000,0.11680000,3985531,3985531,1679938080088,False,True
3797662,133597.80000000,0.11680000,3985532,3985532,1679938080118,False,True
3797663,133597.80000000,0.02060000,3985533,3985533,1679938080158,False,True
3797664,133717.60000000,0.16300000,3985534,3985534,1679938275354,True,True
3797665,133634.10000000,0.05830000,3985535,3985535,1679938275458,True,True
3797666,133629.50000000,0.29190000,3985536,3985536,1679938359246,True,True
3797667,133625.10000000,0.25010000,3985537,3985537,1679938359246,True,True
3797668,133583.10000000,0.00190000,3985538,3985538,1679938359246,True,True
3797669,133554.40000000,0.29190000,3985539,3985539,1679938359246,True,True
3797670,133554.30000000,0.10670000,3985540,3985540,1679938359246,True,True
3797671,133638.40000000,0.29190000,3985541,3985541,1679938361245,True,True
3797672,133634.50000000,0.25010000,3985542,3985542,1679938361245,True,True
3797673,133554.30000000,0.06710000,3985543,3985543,1679938361245,True,True
3797674,133551.00000000,0.33340000,3985544,3985544,1679938361245,True,True
3797675,133638.40000000,0.18040000,3985545,3985545,1679938362247,True,True
3797676,133634.50000000,0.24810000,3985546,3985546,1679938362247,True,True
3797677,133547.40000000,0.25000000,3985547,3985547,1679938362247,True,True
3797678,133522.00000000,0.26400000,3985548,3985548,1679938362247,True,True
3797679,133612.80000000,0.25160000,3985549,3985549,1679938995067,True,True
3797680,133723.00000000,0.00310000,3985550,3985550,1679939088791,False,True
3797681,133685.00000000,0.00200000,3985551,3985551,1679939299345,True,True
3797682,133650.00000000,0.00200000,3985552,3985552,1679939299345,True,True
3797683,133613.80000000,0.00400000,3985553,3985553,1679939299345,True,True
3797684,133600.00000000,0.00200000,3985554,3985554,1679939299345,True,True
3797685,133542.70000000,0.03580000,3985555,3985555,1679939299345,True,True
3797686,133500.00000000,0.00200000,3985556,3985556,1679939436748,True,True
3797687,133344.30000000,0.00110000,3985557,3985557,1679939477472,True,True
3797688,133340.00000000,0.10710000,3985558,3985558,1679939477472,True,True
3797689,133332.90000000,0.00090000,3985559,3985559,1679939477472,True,True
3797690,133330.00000000,0.05780000,3985560,3985561,1679939477472,True,True
3797691,133431.50000000,0.29190000,3985562,3985562,1679939478011,False,True
3797692,133436.30000000,0.00430000,3985563,3985563,1679939478011,False,True
3797693,133330.00000000,0.00030000,3985564,3985564,1679939483655,True,True
3797694,133264.80000000,0.11680000,3985565,3985565,1679939483655,True,True
3797695,133249.20000000,0.11720000,3985566,3985566,1679939485384,True,True
3797696,133249.20000000,0.11720000,3985567,3985567,1679939486454,True,True
3797697,133327.00000000,0.06600000,3985568,3985568,1679939676281,False,True
3797698,133327.00000000,0.06600000,3985569,3985569,1679939676370,False,True
3797699,133327.00000000,0.08010000,3985570,3985570,1679939676415,False,True
3797700,133327.00000000,0.13370000,3985571,3985571,1679939676431,False,True
3797701,133327.80000000,0.11700000,3985572,3985572,1679939704264,False,True
3797702,133427.00000000,0.00890000,3985573,3985573,1679939767523,False,True
3797703,133249.10000000,0.00180000,3985574,3985574,1679939864747,True,True
3797704,133342.30000000,0.00100000,3985575,3985575,1679940042212,False,True
3797705,133342.30000000,0.45580000,3985576,3985576,1679940056907,True,True
3797706,133342.30000000,0.30200000,3985577,3985577,1679940056932,True,True
3797707,133342.30000000,0.06020000,3985578,3985578,1679940068959,True,True
3797708,133342.30000000,0.51400000,3985579,3985579,1679940069091,True,True
3797709,133342.30000000,0.62060000,3985580,3985580,1679940073433,True,True
3797710,133342.30000000,0.15430000,3985581,3985581,1679940102302,True,True
3797711,133342.30000000,0.06740000,3985582,3985582,1679940102525,True,True
3797712,133283.20000000,0.00780000,3985583,3985583,1679940302065,False,True
3797713,133283.20000000,0.00780000,3985584,3985584,1679940302354,False,True
3797714,133283.20000000,0.00780000,3985585,3985585,1679940302415,False,True
3797715,133283.20000000,0.00780000,3985586,3985586,1679940302484,False,True
3797716,133280.90000000,0.00780000,3985587,3985587,1679940302572,False,True
3797717,133280.90000000,0.00780000,3985588,3985588,1679940302651,False,True
3797718,133249.20000000,0.11720000,3985589,3985589,1679940304815,True,True
3797719,133276.70000000,0.00780000,3985590,3985590,1679940314090,False,True
3797720,133276.70000000,0.00780000,3985591,3985591,1679940314244,False,True
3797721,133270.90000000,0.01000000,3985592,3985592,1679940344859,True,True
3797722,133336.00000000,0.00680000,3985593,3985593,1679940354778,False,True
3797723,133452.20000000,0.00520000,3985594,3985594,1679940475958,False,True
3797724,133590.50000000,0.00890000,3985595,3985595,1679940747680,True,True
3797725,133692.20000000,0.01420000,3985596,3985596,1679940805624,False,True
3797726,133610.50000000,0.20000000,3985597,3985597,1679940909932,True,True
3797727,133744.70000000,0.00290000,3985598,3985598,1679941026865,False,True
3797728,133744.70000000,0.03730000,3985599,3985599,1679941026865,False,True
3797729,133767.50000000,0.00110000,3985600,3985600,1679941095337,False,True
3797730,133808.90000000,0.09090000,3985601,3985601,1679941114161,False,True
3797731,133809.00000000,0.00090000,3985602,3985602,1679941118404,False,True
3797732,133927.40000000,0.00730000,3985603,3985603,1679941131592,False,True
3797733,133797.40000000,0.24840000,3985604,3985604,1679941304880,True,True
3797734,133744.70000000,0.00110000,3985605,3985605,1679941312571,True,True
3797735,133586.00000000,0.01900000,3985606,3985606,1679941318711,True,True
3797736,133744.00000000,0.05810000,3985607,3985607,1679941367165,False,True
3797737,133713.40000000,0.00080000,3985608,3985608,1679941649668,True,True
3797738,133734.20000000,0.05520000,3985609,3985609,1679941831372,True,True
3797739,134021.50000000,0.00730000,3985610,3985610,1679941974184,False,True
3797740,133976.90000000,0.00330000,3985611,3985611,1679942293486,False,True
3797741,133931.20000000,0.17870000,3985612,3985612,1679942343104,False,True
3797742,134016.60000000,0.00250000,3985613,3985613,1679942496429,False,True
3797743,134021.80000000,0.00110000,3985614,3985614,1679942520257,False,True
3797744,134051.00000000,0.00190000,3985615,3985615,1679942559998,False,True
3797745,134161.70000000,0.00150000,3985616,3985616,1679942781171,False,True
3797746,134003.70000000,0.00270000,3985617,3985617,1679943034066,True,True
3797747,133920.90000000,0.01260000,3985618,3985618,1679943723480,True,True
3797748,134000.30000000,0.29130000,3985619,3985619,1679943831566,False,True
3797749,134002.90000000,0.11650000,3985620,3985620,1679943831566,False,True
3797750,134003.00000000,0.29160000,3985621,3985621,1679943831566,False,True
3797751,134003.60000000,0.27990000,3985622,3985622,1679943831566,False,True
3797752,134003.70000000,0.02070000,3985623,3985623,1679943831566,False,True
3797753,133854.70000000,0.16640000,3985624,3985624,1679943860507,True,True
3797754,133854.70000000,0.08350000,3985625,3985625,1679943860508,True,True
3797755,133995.70000000,0.25970000,3985626,3985626,1679943912830,False,True
3797756,134003.50000000,0.11650000,3985627,3985627,1679943912830,False,True
3797757,134003.70000000,0.62380000,3985628,3985628,1679943912830,False,True
3797758,133898.00000000,0.04420000,3985629,3985629,1679944042008,False,True
3797759,133805.30000000,0.00640000,3985630,3985630,1679944151743,True,True
3797760,133756.60000000,0.00640000,3985631,3985631,1679944154200,True,True
3797761,133756.60000000,1.52760000,3985632,3985632,1679944181231,False,True
3797762,133884.90000000,0.00080000,3985633,3985633,1679944360335,False,True
3797763,133862.50000000,0.00140000,3985634,3985634,1679944480602,False,True
3797764,133862.50000000,0.01060000,3985635,3985635,1679944567517,False,True
3797765,133865.00000000,0.06320000,3985636,3985636,1679944567517,False,True
3797766,133721.00000000,0.17710000,3985637,3985637,1679944595284,True,True
3797767,133603.40000000,0.00150000,3985638,3985638,1679944890367,True,True
3797768,133878.40000000,0.04400000,3985639,3985639,1679945174126,True,True
3797769,134146.40000000,0.00740000,3985640,3985640,1679945348406,False,True
3797770,133926.80000000,0.28370000,3985641,3985641,1679945365816,True,True
3797771,134150.20000000,0.01600000,3985642,3985642,1679945381308,False,True
3797772,134020.50000000,0.00560000,3985643,3985643,1679945418419,False,True
3797773,133719.60000000,0.11680000,3985644,3985644,1679945684847,True,True
3797774,133719.50000000,0.13170000,3985645,3985645,1679945684847,True,True
3797775,133719.50000000,0.11680000,3985646,3985646,1679945684919,True,True
3797776,133874.90000000,0.00110000,3985647,3985647,1679945714447,False,True
3797777,133598.50000000,0.17710000,3985648,3985648,1679945849316,True,True
3797778,133597.80000000,0.00110000,3985649,3985649,1679945850081,True,True
3797779,133522.00000000,0.03690000,3985650,3985650,1679945850081,True,True
3797780,133473.50000000,0.02040000,3985651,3985651,1679945850081,True,True
3797781,133356.80000000,0.01920000,3985652,3985652,1679945867804,True,True
3797782,133505.30000000,0.08740000,3985653,3985653,1679946148351,False,True
3797783,133344.30000000,0.00110000,3985654,3985654,1679946253475,True,True
3797784,133342.30000000,0.05740000,3985655,3985655,1679946253475,True,True
3797785,133342.30000000,0.04780000,3985656,3985656,1679946253476,True,True
3797786,133332.80000000,0.00090000,3985657,3985657,1679946253476,True,True
3797787,133249.10000000,0.00010000,3985658,3985658,1679946253476,True,True
3797788,133147.20000000,0.00970000,3985659,3985659,1679946253476,True,True
3797789,133243.10000000,0.00190000,3985660,3985660,1679946286561,True,True
3797790,133221.20000000,0.29280000,3985661,3985661,1679946286561,True,True
3797791,133221.00000000,0.29280000,3985662,3985662,1679946286561,True,True
3797792,133215.50000000,0.24860000,3985663,3985663,1679946286561,True,True
3797793,133153.50000000,0.11720000,3985664,3985664,1679946286561,True,True
3797794,133147.20000000,0.14900000,3985665,3985665,1679946286561,True,True
3797795,133147.20000000,0.00480000,3985666,3985666,1679946286570,False,True
3797796,133147.20000000,0.00540000,3985667,3985667,1679946286576,False,True
3797797,133147.20000000,0.05100000,3985668,3985668,1679946286585,False,True
3797798,133147.20000000,0.00540000,3985669,3985669,1679946286589,False,True
3797799,133147.20000000,0.02990000,3985670,3985670,1679946286602,False,True
3797800,133147.20000000,0.00540000,3985671,3985671,1679946286604,False,True
3797801,133147.20000000,0.01510000,3985672,3985672,1679946286618,False,True
3797802,133090.80000000,0.00110000,3985673,3985673,1679947134291,True,True
3797803,133075.40000000,0.00860000,3985674,3985674,1679947134291,True,True
3797804,133075.40000000,0.02850000,3985675,3985675,1679947134331,True,True
3797805,133000.00000000,0.02850000,3985676,3985676,1679947134440,True,True
3797806,133026.00000000,0.00480000,3985677,3985677,1679947134537,False,True
3797807,133026.00000000,0.00520000,3985678,3985678,1679947134549,False,True
3797808,133000.00000000,0.00900000,3985679,3985679,1679947134674,True,True
3797809,132901.70000000,0.00520000,3985680,3985680,1679947141549,False,True
3797810,133099.60000000,0.27240000,3985681,3985681,1679947520269,False,True
3797811,133302.00000000,0.11700000,3985682,3985682,1679947562426,True,True
3797812,133302.00000000,0.11700000,3985683,3985683,1679947562477,True,True
3797813,132998.50000000,0.00480000,3985684,3985684,1679947687715,False,True
3797814,132905.10000000,0.29290000,3985685,3985685,1679947687715,True,True
3797815,132896.40000000,0.11750000,3985686,3985686,1679947687715,True,True
3797816,132896.30000000,0.00190000,3985687,3985687,1679947687715,True,True
3797817,132884.30000000,0.24980000,3985688,3985688,1679947687715,True,True
3797818,132856.70000000,0.00090000,3985689,3985689,1679947687715,True,True
3797819,132837.20000000,0.00110000,3985690,3985690,1679947687715,True,True
3797820,132808.70000000,0.12760000,3985691,3985691,1679947687715,True,True
3797821,132808.60000000,0.24940000,3985692,3985692,1679947687715,True,True
3797822,132790.00000000,0.05870000,3985693,3985693,1679947687731,False,True
3797823,132790.00000000,0.06070000,3985694,3985694,1679947687763,False,True
3797824,132790.00000000,0.00010000,3985695,3985695,1679947687771,False,True
3797825,132866.50000000,0.00170000,3985696,3985696,1679947695840,False,True
3797826,132591.40000000,0.01690000,3985697,3985697,1679947770304,False,True
3797827,132968.50000000,0.01240000,3985698,3985698,1679947844991,False,True
3797828,133007.00000000,0.00710000,3985699,3985699,1679948675748,True,True
3797829,133258.80000000,0.00110000,3985700,3985700,1679949009661,False,True
3797830,133332.80000000,0.00090000,3985701,3985701,1679949034254,False,True
3797831,133258.90000000,0.02200000,3985702,3985702,1679949346665,True,True
3797832,133258.80000000,0.02200000,3985703,3985703,1679949346702,True,True
3797833,133157.80000000,0.07310000,3985704,3985704,1679949346702,True,True
3797834,133157.80000000,0.06000000,3985705,3985705,1679950008364,False,True
3797835,133169.40000000,0.03400000,3985706,3985706,1679950690779,True,True
3797836,133169.30000000,0.04370000,3985707,3985707,1679950690779,True,True
3797837,133361.80000000,0.00190000,3985708,3985708,1679951131270,False,True
3797838,133513.20000000,0.00110000,3985709,3985709,1679951194290,False,True
3797839,133582.30000000,0.00190000,3985710,3985710,1679951206572,False,True
3797840,133709.80000000,0.00190000,3985711,3985711,1679951250342,False,True
3797841,133743.00000000,0.25110000,3985712,3985712,1679951331225,True,True
3797842,133709.80000000,0.07360000,3985713,3985713,1679951331234,False,True
3797843,133709.80000000,0.24270000,3985714,3985714,1679951331244,False,True
3797844,133767.50000000,0.00110000,3985715,3985715,1679951344132,False,True
3797845,133808.90000000,0.00090000,3985716,3985716,1679951347242,False,True
3797846,134021.80000000,0.00110000,3985717,3985717,1679951372084,False,True
3797847,133898.40000000,0.00110000,3985718,3985718,1679951454888,True,True
3797848,133869.40000000,0.24780000,3985719,3985719,1679951559465,True,True
3797849,133867.10000000,0.24890000,3985720,3985720,1679951578228,True,True
3797850,133782.80000000,0.25090000,3985721,3985721,1679951598232,True,True
3797851,133608.90000000,0.11680000,3985722,3985722,1679951616870,True,True
3797852,133597.80000000,0.00110000,3985723,3985723,1679951616870,True,True
3797853,133583.10000000,0.00190000,3985724,3985724,1679951616870,True,True
3797854,133545.50000000,0.08400000,3985725,3985725,1679951616870,True,True
3797855,133436.30000000,0.22000000,3985726,3985726,1679951843912,True,True
3797856,133498.20000000,0.00340000,3985727,3985727,1679951917962,False,True
3797857,133759.00000000,0.00620000,3985728,3985728,1679952318955,False,True
3797858,133638.30000000,0.00580000,3985729,3985729,1679952739767,True,True
3797859,133635.70000000,0.00650000,3985730,3985730,1679952739767,True,True
3797860,133657.40000000,0.24750000,3985731,3985731,1679952986734,True,True
3797861,133567.00000000,0.09150000,3985732,3985732,1679952986734,True,True
3797862,133673.90000000,0.00440000,3985733,3985733,1679953296841,False,True
3797863,133959.10000000,0.28940000,3985734,3985734,1679954374649,False,True
3797864,133805.10000000,0.03730000,3985735,3985735,1679954983427,False,True
3797865,133698.40000000,0.01380000,3985736,3985736,1679955001942,True,True
3797866,133606.80000000,0.14020000,3985737,3985737,1679956008765,True,True
3797867,133606.80000000,0.10000000,3985738,3985738,1679956665140,True,True
3797868,133478.30000000,0.06750000,3985739,3985739,1679957690933,True,True
3797869,133510.70000000,0.01320000,3985740,3985740,1679958131547,False,True
3797870,133531.90000000,0.06000000,3985741,3985741,1679958482056,True,True
3797871,133664.30000000,0.00460000,3985742,3985742,1679959436631,True,True
3797872,133831.80000000,0.00740000,3985743,3985743,1679961421690,True,True
